"","OSA_prob_intercept","OSA_misclassification_rate","mean_estimate_true","mean_estimate_observed","mean_bias_true","mean_bias_observed","power_true_0.05","power_observed_0.05"
"1",-1.5,0.4,0.0998058937515163,0.0896313131576103,0.000194106248483725,0.0103686868423897,0.956,0.762
"2",-1.5,0.6,0.100480589710225,0.0861177077344286,-0.000480589710224864,0.0138822922655714,0.959,0.568
"3",-1.5,0.8,0.09903014279552,0.0807869619105292,0.000969857204479976,0.0192130380894708,0.951,0.292
"4",-1,0.4,0.0999558455670382,0.0860249511000816,4.4154432961767e-05,0.0139750488999185,0.985,0.843
"5",-1,0.6,0.0991349674354937,0.0797419865708001,0.000865032564506331,0.0202580134291999,0.98,0.654
"6",-1,0.8,0.101255271363736,0.0771922645038324,-0.0012552713637362,0.0228077354961676,0.984,0.38
"7",-0.5,0.4,0.0993814186557455,0.0789628050266047,0.000618581344254534,0.0210371949733953,0.993,0.863
"8",-0.5,0.6,0.0995849430774533,0.0705745158762232,0.000415056922546684,0.0294254841237768,0.991,0.64
"9",-0.5,0.8,0.099212846986844,0.0651754763877408,0.000787153013155978,0.0348245236122592,0.995,0.367
